source_path_internal,source_sha256,vetted_source_path_internal,vetted_source_sha256,release_path,release_sha256,language,scientific_role,inclusion_status,reason
<PROJECT_ROOT>/000 GEE Data/1 MOD13C1 kNDVI 16-day （已下载）/01_FULL_MOD13C1_kNDVI_supportQA_g050_global_2001_2024_v07.txt,92a35847d7dd38c8c81e7edfd93b9914b26415a1ac3293c7000d88a9d3ba9da4,<PROJECT_ROOT>/000 GEE Data/1 MOD13C1 kNDVI 16-day （已下载）/01_FULL_MOD13C1_kNDVI_supportQA_g050_global_2001_2024_v07.txt,92a35847d7dd38c8c81e7edfd93b9914b26415a1ac3293c7000d88a9d3ba9da4,code/01_acquisition/Data01_MOD13C1_kNDVI_export_definition.js,92a35847d7dd38c8c81e7edfd93b9914b26415a1ac3293c7000d88a9d3ba9da4,js,MOD13C1 kNDVI/support acquisition definition,INCLUDED,Copied from the vetted frozen source; filename/category relocation only.
<PROJECT_ROOT>/000 GEE Data/2 RA5-Land monthly climate （已下载）/02A_FULL_ERA5Land_coreClimate_g050_global_2001_2024_v03.txt,0bf4e05103243f9d3c22f3f9f9c82b5e66f972a65f35de0f0d5aa2104ff384b6,<PROJECT_ROOT>/000 GEE Data/2 RA5-Land monthly climate （已下载）/02A_FULL_ERA5Land_coreClimate_g050_global_2001_2024_v03.txt,0bf4e05103243f9d3c22f3f9f9c82b5e66f972a65f35de0f0d5aa2104ff384b6,code/01_acquisition/Data02_ERA5Land_monthly_export_definition.js,0bf4e05103243f9d3c22f3f9f9c82b5e66f972a65f35de0f0d5aa2104ff384b6,js,ERA5-Land monthly temperature/precipitation acquisition definition,INCLUDED,Copied from the vetted frozen source; filename/category relocation only.
<PROJECT_ROOT>/000 GEE Data/3 MOD44B forest cover & tree cover （已下载）/MOD44B_native1km_g010_GEE_scripts_2000_2025_v01/2001/03D_EXPORT_MOD44B_native1km_g010_2001_BATCH01of08_v01.txt,92b8a5fd3158c15d22f3869db249c57b0ebddf5367974b179e879484aadf37b3,<PROJECT_ROOT>/000 GEE Data/3 MOD44B forest cover & tree cover （已下载）/MOD44B_native1km_g010_GEE_scripts_2000_2025_v01/2001/03D_EXPORT_MOD44B_native1km_g010_2001_BATCH01of08_v01.txt,92b8a5fd3158c15d22f3869db249c57b0ebddf5367974b179e879484aadf37b3,code/01_acquisition/Data03_MOD44B_representative_batch_export.js,92b8a5fd3158c15d22f3869db249c57b0ebddf5367974b179e879484aadf37b3,js,Representative parameterized MOD44B export batch definition,INCLUDED,Copied from the vetted frozen source; filename/category relocation only.
<PROJECT_ROOT>/000 GEE Data/4 MODIS MCD12C1 land cover & ecosystem type （已下载）/04C_EXPORT_MCD12C1_IGBP_g005_global_2001_2024_v01.txt,4f49f8d2250bfc01873e02457ddc9e8e14b585f9c391b4c4330c2285e168b583,<PROJECT_ROOT>/000 GEE Data/4 MODIS MCD12C1 land cover & ecosystem type （已下载）/04C_EXPORT_MCD12C1_IGBP_g005_global_2001_2024_v01.txt,4f49f8d2250bfc01873e02457ddc9e8e14b585f9c391b4c4330c2285e168b583,code/01_acquisition/Data04_MCD12C1_IGBP_export_definition.js,4f49f8d2250bfc01873e02457ddc9e8e14b585f9c391b4c4330c2285e168b583,js,MCD12C1 categorical land-cover acquisition definition,INCLUDED,Copied from the vetted frozen source; filename/category relocation only.
<PROJECT_ROOT>/NEE_SUBMISSION_v15_READY_PACKAGE/05_OPEN_SCIENCE/RELEASE_CODE/code/00_data_acquisition/SC057_06B_EXPORT_MCD64A1_burned_area_g005_2001_land57_v05.js,d5a5a3ed1760b6aedc27a6815cf23cb5a51dd3da016adb3aed08734770ea1d89,<PROJECT_ROOT>/NEE_SUBMISSION_v15_READY_PACKAGE/05_OPEN_SCIENCE/RELEASE_CODE/code/00_data_acquisition/SC057_06B_EXPORT_MCD64A1_burned_area_g005_2001_land57_v05.js,d5a5a3ed1760b6aedc27a6815cf23cb5a51dd3da016adb3aed08734770ea1d89,code/01_acquisition/Data06_MCD64A1_burned_area_export.js,d5a5a3ed1760b6aedc27a6815cf23cb5a51dd3da016adb3aed08734770ea1d89,js,MCD64A1 burned-area acquisition definition,INCLUDED,Copied from the vetted frozen source; filename/category relocation only.
<PROJECT_ROOT>/NEE_SUBMISSION_v15_READY_PACKAGE/05_OPEN_SCIENCE/RELEASE_CODE/code/00_data_acquisition/SC058_07C_EXPORT_MOD17A3HGF_GPP_NPP_g005_GLOBAL_2001_2024_ALL_YEARS_v04.js,e1ddedd4346fa0eaa14e52a5779d5037627654b35845793d2be0ef505dd043e0,<PROJECT_ROOT>/NEE_SUBMISSION_v15_READY_PACKAGE/05_OPEN_SCIENCE/RELEASE_CODE/code/00_data_acquisition/SC058_07C_EXPORT_MOD17A3HGF_GPP_NPP_g005_GLOBAL_2001_2024_ALL_YEARS_v04.js,e1ddedd4346fa0eaa14e52a5779d5037627654b35845793d2be0ef505dd043e0,code/01_acquisition/Data07_MOD17A3HGF_GPP_NPP_export.js,e1ddedd4346fa0eaa14e52a5779d5037627654b35845793d2be0ef505dd043e0,js,MOD17A3HGF annual productivity acquisition definition,INCLUDED,Copied from the vetted frozen source; filename/category relocation only.
<PROJECT_ROOT>/NEE_SUBMISSION_v15_READY_PACKAGE/05_OPEN_SCIENCE/RELEASE_CODE/code/00_data_acquisition/SC059_09B_EXPORT_TNC_HM_v3_g005_2000_2020_land57_v05.js,64075b2257562323e118e8c4590a2f9c7795b24c6a0b688fcfe3e93962f81cc3,<PROJECT_ROOT>/NEE_SUBMISSION_v15_READY_PACKAGE/05_OPEN_SCIENCE/RELEASE_CODE/code/00_data_acquisition/SC059_09B_EXPORT_TNC_HM_v3_g005_2000_2020_land57_v05.js,64075b2257562323e118e8c4590a2f9c7795b24c6a0b688fcfe3e93962f81cc3,code/01_acquisition/Data09_TNC_human_modification_export.js,64075b2257562323e118e8c4590a2f9c7795b24c6a0b688fcfe3e93962f81cc3,js,TNC human-modification acquisition definition,INCLUDED,Copied from the vetted frozen source; filename/category relocation only.
<PROJECT_ROOT>/000 GEE Data/10 GEE气候区替代数据设计 (已下载)/10B_TEST_WorldClim_broad_climate_zones_g005_GLOBAL_v04.txt,e70ada366778aa6126940a4088f85a6b26cc6bc3a33a970a6ea59ad3225ba8f4,<PROJECT_ROOT>/000 GEE Data/10 GEE气候区替代数据设计 (已下载)/10B_TEST_WorldClim_broad_climate_zones_g005_GLOBAL_v04.txt,e70ada366778aa6126940a4088f85a6b26cc6bc3a33a970a6ea59ad3225ba8f4,code/01_acquisition/Data10_WorldClim_climate_zone_export.js,e70ada366778aa6126940a4088f85a6b26cc6bc3a33a970a6ea59ad3225ba8f4,js,WorldClim broad climate-zone acquisition definition,INCLUDED,Copied from the vetted frozen source; filename/category relocation only.
<PROJECT_ROOT>/000 GEE Data/11 森林结构与生物量基线 (已下载)/11B_TEST_ForestStructure_CanopyHeight2005_BiomassCarbon2010_g005_GLOBAL_v02.txt,01b0c71d94151704d644d1f989c01721d5f520c9ba485cb2b8e7f0dd1bd7d667,<PROJECT_ROOT>/000 GEE Data/11 森林结构与生物量基线 (已下载)/11B_TEST_ForestStructure_CanopyHeight2005_BiomassCarbon2010_g005_GLOBAL_v02.txt,01b0c71d94151704d644d1f989c01721d5f520c9ba485cb2b8e7f0dd1bd7d667,code/01_acquisition/Data11_forest_structure_export.js,01b0c71d94151704d644d1f989c01721d5f520c9ba485cb2b8e7f0dd1bd7d667,js,Canopy-height and biomass acquisition definition,INCLUDED,Copied from the vetted frozen source; filename/category relocation only.
<PROJECT_ROOT>/000 GEE Data/12 全球土壤水力与土壤理化属性基线 （已下载）/00_GEE_script/12B_EXPORT_OpenLandMap_SoilBaseline_g005_land57_v02.txt,38d1fa4dc70d714a301ea5ead9f26ef1bc30f40059fb0b44062457857fcf01de,<PROJECT_ROOT>/000 GEE Data/12 全球土壤水力与土壤理化属性基线 （已下载）/00_GEE_script/12B_EXPORT_OpenLandMap_SoilBaseline_g005_land57_v02.txt,38d1fa4dc70d714a301ea5ead9f26ef1bc30f40059fb0b44062457857fcf01de,code/01_acquisition/Data12_OpenLandMap_soil_export.js,38d1fa4dc70d714a301ea5ead9f26ef1bc30f40059fb0b44062457857fcf01de,js,OpenLandMap soil-baseline acquisition definition,INCLUDED,Copied from the vetted frozen source; filename/category relocation only.
<PROJECT_ROOT>/000 GEE Data/13 全球地形与地貌背景数据 （已下载）/00_GEE_scripts_15_batches/13B_EXPORT_MERIT_Topography_g005_10deg_land368_batch01_of_15_v03.txt,3635e5736865c4352c282620a9eb33374420d459cecbcca3e4647bcf112eb41b,<PROJECT_ROOT>/000 GEE Data/13 全球地形与地貌背景数据 （已下载）/00_GEE_scripts_15_batches/13B_EXPORT_MERIT_Topography_g005_10deg_land368_batch01_of_15_v03.txt,3635e5736865c4352c282620a9eb33374420d459cecbcca3e4647bcf112eb41b,code/01_acquisition/Data13_MERIT_representative_batch_export.js,3635e5736865c4352c282620a9eb33374420d459cecbcca3e4647bcf112eb41b,js,Representative MERIT topography export batch definition,INCLUDED,Copied from the vetted frozen source; filename/category relocation only.
<PROJECT_ROOT>/000 GEE Data/14 ERA5-Land 大气干旱 VPD(已下载)/Data14_ERA5Land_VPD_g005_2001_2024_ALL_YEARS_ONE_SCRIPT_60band_v04.txt,af67b1ac64c0f8fbb73b1db2e8da9f60d8a7a76d220e20f698618d2b2dc90720,<PROJECT_ROOT>/000 GEE Data/14 ERA5-Land 大气干旱 VPD(已下载)/Data14_ERA5Land_VPD_g005_2001_2024_ALL_YEARS_ONE_SCRIPT_60band_v04.txt,af67b1ac64c0f8fbb73b1db2e8da9f60d8a7a76d220e20f698618d2b2dc90720,code/01_acquisition/Data14_ERA5Land_VPD_export.js,af67b1ac64c0f8fbb73b1db2e8da9f60d8a7a76d220e20f698618d2b2dc90720,js,ERA5-Land daily-derived VPD acquisition definition,INCLUDED,Copied from the vetted frozen source; filename/category relocation only.
<PROJECT_ROOT>/000 GEE Data/15 ERA5-Land 动态土壤水分 （已下载）/Data15_ERA5Land_dynamic_soil_moisture_g005_2001_2024_ALL_YEARS_ONE_SCRIPT_96band_v02.txt,c7c2026686f635734f16403cb55d2328c02f39a0a97d856680a1719beefb7ee8,<PROJECT_ROOT>/000 GEE Data/15 ERA5-Land 动态土壤水分 （已下载）/Data15_ERA5Land_dynamic_soil_moisture_g005_2001_2024_ALL_YEARS_ONE_SCRIPT_96band_v02.txt,c7c2026686f635734f16403cb55d2328c02f39a0a97d856680a1719beefb7ee8,code/01_acquisition/Data15_ERA5Land_soil_moisture_export.js,c7c2026686f635734f16403cb55d2328c02f39a0a97d856680a1719beefb7ee8,js,ERA5-Land dynamic soil-moisture acquisition definition,INCLUDED,Copied from the vetted frozen source; filename/category relocation only.
<PROJECT_ROOT>/000 GEE Data/16 Intact Forest Landscapes 完整森林景观（已下载--源文件处理）/测试/Data16_DOWNLOAD_Official_IFL_GeoPackage_2000_2025_v01.txt,5c6e0f1dcca0bb2572456f0307165d319f354c29ba2bcfa3fa5eccef1f846202,<PROJECT_ROOT>/000 GEE Data/16 Intact Forest Landscapes 完整森林景观（已下载--源文件处理）/测试/Data16_DOWNLOAD_Official_IFL_GeoPackage_2000_2025_v01.txt,5c6e0f1dcca0bb2572456f0307165d319f354c29ba2bcfa3fa5eccef1f846202,code/01_acquisition/Data16_IFL_download_notes.txt,211919aaa177652f94820e2d4e951873cb773ef78cc194c17cfc9cb1f9a17632,txt,Recorded official IFL GeoPackage acquisition notes,INCLUDED,"Portability-only edit: replaced a local absolute root with a runtime environment variable; scientific formulas, constants, filters and estimands were unchanged."
<PROJECT_ROOT>/000 GEE Data/16 Intact Forest Landscapes 完整森林景观（已下载--源文件处理）/Data16_IFL_Global_Production_v01.py,48005ceac094752b05da1f57c47ad73a9085e9680693f64fe50218ed9ac2dd24,<PROJECT_ROOT>/NEE_SUBMISSION_v15_READY_PACKAGE/05_OPEN_SCIENCE/RELEASE_CODE/code/02_domain/SC066_Data16_IFL_Global_Production_v01.py,4a9a0a7c8a9e8f1db4ad02802433cbaa9ed2d41f3a1e913986ed5bcd78b8447c,code/02_harmonization/Data16_IFL_Global_Production_v01.py,4a9a0a7c8a9e8f1db4ad02802433cbaa9ed2d41f3a1e913986ed5bcd78b8447c,py,"IFL GeoPackage validation, rasterization and aggregation",INCLUDED,Copied from the vetted frozen source; filename/category relocation only.
<PROJECT_ROOT>/010_Research_Workbench/02_Runs/RUN_0008B_FAST_PAPER_Global_Production/build_global_inputs.py,2a147e4201af46f8a95311531528ddd32dc8a8a7d2b9a1b6adeae792e13ddc17,<PROJECT_ROOT>/NEE_SUBMISSION_v15_READY_PACKAGE/05_OPEN_SCIENCE/RELEASE_CODE/code/02_domain/SC052_build_global_inputs.py,7efaf82195ac4e78ec1467bc8c9df25886eac44eb398310d5c7e25b694033dd1,code/02_harmonization/build_global_inputs.py,7efaf82195ac4e78ec1467bc8c9df25886eac44eb398310d5c7e25b694033dd1,py,"Spatial harmonization, 0.5-degree inputs and forest-domain construction",INCLUDED,Copied from the vetted frozen source; filename/category relocation only.
<PROJECT_ROOT>/010_Research_Workbench/02_Runs/RUN_0004_Three_Region_Benchmark_Dynamics/task0004_lib.py,4177c8ed2a0404de48723a6483b3dc70eab2a6569129dd4a68f89ed58cdbc841,<PROJECT_ROOT>/010_Research_Workbench/02_Runs/RUN_0004_Three_Region_Benchmark_Dynamics/task0004_lib.py,4177c8ed2a0404de48723a6483b3dc70eab2a6569129dd4a68f89ed58cdbc841,code/02_harmonization/task0004_lib.py,9f599349829a3abba9fa6d3322b9dfb82ba18b3cbd752989b863b882c72f4ade,py,"Shared grid, Zarr, parquet and spatial-block utilities required by the global pipeline",INCLUDED,"Portability-only edit: replaced a local absolute root with a runtime environment variable; scientific formulas, constants, filters and estimands were unchanged."
<PROJECT_ROOT>/010_Research_Workbench/02_Runs/RUN_0008A_FAST_PAPER_Input_Freeze_and_Pilot/task0008a_lib.py,53dc73731fb04c9e2193edd06fb4fca06b7ee0fa402d6337b66ed4ca81cfb2d1,<PROJECT_ROOT>/010_Research_Workbench/02_Runs/RUN_0008A_FAST_PAPER_Input_Freeze_and_Pilot/task0008a_lib.py,53dc73731fb04c9e2193edd06fb4fca06b7ee0fa402d6337b66ed4ca81cfb2d1,code/02_harmonization/task0008a_lib.py,a991bb21245181f1443d0700448bfc01a4371b17469551ce0470c98b80c963e9,py,Shared global-input alignment and holdout-access utilities required by build_global_inputs.py,INCLUDED,"Portability-only edit: replaced a local absolute root with a runtime environment variable; scientific formulas, constants, filters and estimands were unchanged."
<PROJECT_ROOT>/010_Research_Workbench/02_Runs/RUN_0010A_Global_Drought_Recovery_Consensus/task0010a_monthly.py,e17fe2f217e385760ca6b46aa5f35732ecc83e108d8497fd282cfd4b7c8652c2,<PROJECT_ROOT>/NEE_SUBMISSION_v15_READY_PACKAGE/05_OPEN_SCIENCE/RELEASE_CODE/code/01_preprocessing/SC006_task0010a_monthly.py,df0e3e7309d945f203a2732b4fe096b7015d3b28f2012ba672d589ae4d47a061,code/02_harmonization/task0010a_monthly.py,df0e3e7309d945f203a2732b4fe096b7015d3b28f2012ba672d589ae4d47a061,py,"Temporal harmonization, actual-date overlap weighting and monthly state construction",INCLUDED,Copied from the vetted frozen source; filename/category relocation only.
<PROJECT_ROOT>/010_Research_Workbench/02_Runs/RUN_0010A_Global_Drought_Recovery_Consensus/task0010a_events.py,9d4a62fd47b7b045e7fdefd78345c44a1a18b84774a741373164f6664c569796,<PROJECT_ROOT>/NEE_SUBMISSION_v15_READY_PACKAGE/05_OPEN_SCIENCE/RELEASE_CODE/code/03_event_detection/SC003_task0010a_events.py,cffbd3f8d36e02b0a31a59980ea4177e8bfee5f0c64ce3d94cd3e94bae4f5eb3,code/03_event_detection/task0010a_events.py,cffbd3f8d36e02b0a31a59980ea4177e8bfee5f0c64ce3d94cd3e94bae4f5eb3,py,Frozen drought-event detection and original recovery implementation,INCLUDED,Copied from the vetted frozen source; filename/category relocation only.
<PROJECT_ROOT>/010_Research_Workbench/02_Runs/RUN_0010C_Recovery_Logic_and_Application_Fix/task0010c_events.py,627777ba87b61f83049649901b6a46111fa2107f14ab73bae405953c34914c12,<PROJECT_ROOT>/NEE_SUBMISSION_v15_READY_PACKAGE/05_OPEN_SCIENCE/RELEASE_CODE/code/03_event_detection/SC014_task0010c_events.py,b67bf2c1faadf9f5f5805c65adf4a21153db50b37fecb04c170541c505d1643a,code/03_event_detection/task0010c_events.py,b67bf2c1faadf9f5f5805c65adf4a21153db50b37fecb04c170541c505d1643a,py,Corrected OLD/R1/R2 event recovery reconstruction and A/B/C screens,INCLUDED,Copied from the vetted frozen source; filename/category relocation only.
<PROJECT_ROOT>/010_Research_Workbench/02_Runs/RUN_0010C_Recovery_Logic_and_Application_Fix/task0010c_core.py,2d0ea74489a9ce7f9a13382fc943506a6a3fcc9c9cb60b480adfe0798aa0586f,<PROJECT_ROOT>/NEE_SUBMISSION_v15_READY_PACKAGE/05_OPEN_SCIENCE/RELEASE_CODE/code/04_recovery/SC012_task0010c_core.py,cbaa72675ed87deac14d647d5c33ff2457310cbe57c02587dfdce35d12271fa4,code/04_recovery/task0010c_core.py,cbaa72675ed87deac14d647d5c33ff2457310cbe57c02587dfdce35d12271fa4,py,"Shared corrected recovery definitions, time boundaries, I/O and censoring helpers",INCLUDED,Copied from the vetted frozen source; filename/category relocation only.
<PROJECT_ROOT>/010_Research_Workbench/02_Runs/RUN_0010E_Methods_Manuscript_Production/task0010e_persistence.py,9275ab851ceb9f8cedea8a10b68960aa0d9d58038781ff50c34d2e15db5d8676,<PROJECT_ROOT>/NEE_SUBMISSION_v15_READY_PACKAGE/05_OPEN_SCIENCE/RELEASE_CODE/code/09_sensitivity/SC021_task0010e_persistence.py,f68403953db522a5d004ee0b7b27f8c5bea9a6c4371f3f982c8cbd53270afe07,code/04_recovery/task0010e_persistence.py,f68403953db522a5d004ee0b7b27f8c5bea9a6c4371f3f982c8cbd53270afe07,py,"P1/P2 persistence sensitivity, calibration and locked estimands",INCLUDED,Copied from the vetted frozen source; filename/category relocation only.
<PROJECT_ROOT>/010_Research_Workbench/02_Runs/RUN_0010A_Global_Drought_Recovery_Consensus/task0010a_models.py,5bdb53e1f8b06050c36723eea0af6b218845e181ec17b9f23a4aaaaddc3bf6b0,<PROJECT_ROOT>/NEE_SUBMISSION_v15_READY_PACKAGE/05_OPEN_SCIENCE/RELEASE_CODE/code/06_models/SC005_task0010a_models.py,c834c924b0f2a1f1c1ae1f2e8ac6e9fbfdf82762326e0905f25c2d51fcd83725,code/05_models/task0010a_models.py,c834c924b0f2a1f1c1ae1f2e8ac6e9fbfdf82762326e0905f25c2d51fcd83725,py,Original prospective/retrospective RF and hazard model pipeline,INCLUDED,Copied from the vetted frozen source; filename/category relocation only.
<PROJECT_ROOT>/010_Research_Workbench/02_Runs/RUN_0010C_Recovery_Logic_and_Application_Fix/task0010c_models.py,bbc3c8e9b29df10a3b9a9effd3f62041b6d02feb45c4452225000f3f25b57d8f,<PROJECT_ROOT>/NEE_SUBMISSION_v15_READY_PACKAGE/05_OPEN_SCIENCE/RELEASE_CODE/code/06_models/SC015_task0010c_models.py,f52c7a368af20e09ff99b56a2a80e14bca6a1d4166bf3bf03563782a0ac2581e,code/05_models/task0010c_models.py,f52c7a368af20e09ff99b56a2a80e14bca6a1d4166bf3bf03563782a0ac2581e,py,Corrected prospective exact-duration and discrete-time hazard models,INCLUDED,Copied from the vetted frozen source; filename/category relocation only.
<PROJECT_ROOT>/010_Research_Workbench/02_Runs/RUN_0009B_Drought_Recovery_Validated_SPEI_Fire/audit_data22_data06.py,53f59ca274c7c8dce87eaf22fab966951b0728460e569e7beda433b5a4762a7b,<PROJECT_ROOT>/010_Research_Workbench/02_Runs/RUN_0009B_Drought_Recovery_Validated_SPEI_Fire/audit_data22_data06.py,53f59ca274c7c8dce87eaf22fab966951b0728460e569e7beda433b5a4762a7b,code/06_validation/audit_spei_fire_inputs.py,6961ae373a5414bf652650b559c29c1501e0a235347c20d195727e85519c4d6b,py,Read-only SPEI and burned-area metadata/grid audit,INCLUDED,"Portability-only edit: replaced a local absolute root with a runtime environment variable; scientific formulas, constants, filters and estimands were unchanged."
<PROJECT_ROOT>/010_Research_Workbench/02_Runs/RUN_0010C_Recovery_Logic_and_Application_Fix/finalize_task0010c.py,3eb06fe546e12c6c875e7ba7febbf4c03313ed089eb67fbb64ec98c01b7dd0cd,<PROJECT_ROOT>/NEE_SUBMISSION_v15_READY_PACKAGE/05_OPEN_SCIENCE/RELEASE_CODE/code/07_validation/SC009_finalize_task0010c.py,f6c8453c93f85e550329499b91e92e8f6e4c14e0d017bc6bd4376906ee45e09c,code/06_validation/finalize_task0010c.py,f6c8453c93f85e550329499b91e92e8f6e4c14e0d017bc6bd4376906ee45e09c,py,Corrected-result validation and integrity checks,INCLUDED,Copied from the vetted frozen source; filename/category relocation only.
<PROJECT_ROOT>/010_Research_Workbench/02_Runs/RUN_0010E_Methods_Manuscript_Production/finalize_task0010e.py,e108067de0d05525580956514678e37ae4ffe6e50bbb077769d858945fadc0a2,<PROJECT_ROOT>/NEE_SUBMISSION_v15_READY_PACKAGE/05_OPEN_SCIENCE/RELEASE_CODE/code/07_validation/SC018_finalize_task0010e.py,ba24dce02c4aecbc747649f71b070c36aa2822dcb57fa19f7f4c8f5c3d5fe5c9,code/06_validation/finalize_task0010e.py,ba24dce02c4aecbc747649f71b070c36aa2822dcb57fa19f7f4c8f5c3d5fe5c9,py,P2 sensitivity validation and packaging checks,INCLUDED,Copied from the vetted frozen source; filename/category relocation only.
<PROJECT_ROOT>/010_Research_Workbench/02_Runs/RUN_0010A_Global_Drought_Recovery_Consensus/task0010a_finalize.py,3bf31fd8c810e8e874c6d4b1ca44c655287d3ba1f960a9712046c49f0a853402,<PROJECT_ROOT>/NEE_SUBMISSION_v15_READY_PACKAGE/05_OPEN_SCIENCE/RELEASE_CODE/code/07_validation/SC004_task0010a_finalize.py,e1e73f87342814836c732d282d60455a7171d3948405722dc0b797052bad46a8,code/06_validation/task0010a_finalize.py,e1e73f87342814836c732d282d60455a7171d3948405722dc0b797052bad46a8,py,"Original run validation, claim checks and release summaries",INCLUDED,Copied from the vetted frozen source; filename/category relocation only.
<PROJECT_ROOT>/010_Research_Workbench/02_Runs/RUN_0010A_Global_Drought_Recovery_Consensus/task0010a_validate.py,eadf2f4b47a7647f32122f2c0d05b32008b2c8bf656669463d921d36815a8cb6,<PROJECT_ROOT>/NEE_SUBMISSION_v15_READY_PACKAGE/05_OPEN_SCIENCE/RELEASE_CODE/code/07_validation/SC008_task0010a_validate.py,ad8305547652ec64499cf3c77bd5856336382bf873d395f12f2a534b1bb796cd,code/06_validation/task0010a_validate.py,ad8305547652ec64499cf3c77bd5856336382bf873d395f12f2a534b1bb796cd,py,Frozen input/output and Amazon limitation validation,INCLUDED,Copied from the vetted frozen source; filename/category relocation only.
<PROJECT_ROOT>/010_Research_Workbench/02_Runs/RUN_0010C_Recovery_Logic_and_Application_Fix/task0010c_dryrun.py,28977102a37d717113542306edc9b31b6ee31e6fe96a39cd81a41521cc72b59e,<PROJECT_ROOT>/NEE_SUBMISSION_v15_READY_PACKAGE/05_OPEN_SCIENCE/RELEASE_CODE/code/07_validation/SC013_task0010c_dryrun.py,9cc3fa9e76b5c928fd4e77a74e5ef5c6089011daadfe523b97f9205215a8019c,code/06_validation/task0010c_dryrun.py,9cc3fa9e76b5c928fd4e77a74e5ef5c6089011daadfe523b97f9205215a8019c,py,Feature information-boundary and corrected recovery unit tests,INCLUDED,Copied from the vetted frozen source; filename/category relocation only.
<PROJECT_ROOT>/010_Research_Workbench/02_Runs/RUN_0010C_Recovery_Logic_and_Application_Fix/task0010c_consensus.py,46f2df1c29fb0fbbd8bc464ec9a30e8fc7e50cd18afd105c11dc2fc887fb8b6a,<PROJECT_ROOT>/NEE_SUBMISSION_v15_READY_PACKAGE/05_OPEN_SCIENCE/RELEASE_CODE/code/08_estimands/SC011_task0010c_consensus.py,1aa4313af323890dbac591751b929d3242cd0606203d4f11e6cc96cffc2a0286,code/07_estimands/task0010c_consensus.py,1aa4313af323890dbac591751b929d3242cd0606203d4f11e6cc96cffc2a0286,py,"Enrichment estimands, 5-degree bootstrap, functional/fire and evidence-group analyses",INCLUDED,Copied from the vetted frozen source; filename/category relocation only.
<PROJECT_ROOT>/NEE_SUBMISSION_v15_READY_PACKAGE/05_OPEN_SCIENCE/RELEASE_CODE/code/10_figures_source_data/FINAL_S1_FigS1_Nature_final_v03.m,2c74be09c9ddaacc75b62d0cf0783b2ce8cf5db15ab147c246a83d3ce74340a7,<PROJECT_ROOT>/NEE_SUBMISSION_v15_READY_PACKAGE/05_OPEN_SCIENCE/RELEASE_CODE/code/10_figures_source_data/FINAL_S1_FigS1_Nature_final_v03.m,2c74be09c9ddaacc75b62d0cf0783b2ce8cf5db15ab147c246a83d3ce74340a7,code/09_figures/ExtendedDataFig1_Nature_final_v03.m,2c74be09c9ddaacc75b62d0cf0783b2ce8cf5db15ab147c246a83d3ce74340a7,m,Active Extended Data Fig. 1 renderer,INCLUDED,Copied from the vetted frozen source; filename/category relocation only.
<PROJECT_ROOT>/NEE_SUBMISSION_v15_READY_PACKAGE/05_OPEN_SCIENCE/RELEASE_CODE/code/10_figures_source_data/FINAL_S2_FigS2_Nature_final_v03_editable.m,de1d64f666811171b71676b49465f69743fd7fd2b8d260f0c01a061098f40508,<PROJECT_ROOT>/NEE_SUBMISSION_v15_READY_PACKAGE/05_OPEN_SCIENCE/RELEASE_CODE/code/10_figures_source_data/FINAL_S2_FigS2_Nature_final_v03_editable.m,de1d64f666811171b71676b49465f69743fd7fd2b8d260f0c01a061098f40508,code/09_figures/ExtendedDataFig2_Nature_final_v03.m,de1d64f666811171b71676b49465f69743fd7fd2b8d260f0c01a061098f40508,m,Active Extended Data Fig. 2 renderer,INCLUDED,Copied from the vetted frozen source; filename/category relocation only.
<PROJECT_ROOT>/NEE_SUBMISSION_v15_READY_PACKAGE/05_OPEN_SCIENCE/RELEASE_CODE/code/10_figures_source_data/FigS3_Nature_final_v02.m,4211f2c554971340d3445168b1294028b1073883137b42a69d96c5a1a9fc9c3d,<PROJECT_ROOT>/NEE_SUBMISSION_v15_READY_PACKAGE/05_OPEN_SCIENCE/RELEASE_CODE/code/10_figures_source_data/FigS3_Nature_final_v02.m,4211f2c554971340d3445168b1294028b1073883137b42a69d96c5a1a9fc9c3d,code/09_figures/ExtendedDataFig3_Nature_final_v02.m,4211f2c554971340d3445168b1294028b1073883137b42a69d96c5a1a9fc9c3d,m,Active Extended Data Fig. 3 renderer,INCLUDED,Copied from the vetted frozen source; filename/category relocation only.
<PROJECT_ROOT>/NEE_SUBMISSION_v15_READY_PACKAGE/05_OPEN_SCIENCE/RELEASE_CODE/code/10_figures_source_data/FINAL_S4_FigS4_maps_final_v01.m,4bea875d4a3b78026099a1ea519e8afa09dbf2d1857348644dc277216b901e7f,<PROJECT_ROOT>/NEE_SUBMISSION_v15_READY_PACKAGE/05_OPEN_SCIENCE/RELEASE_CODE/code/10_figures_source_data/FINAL_S4_FigS4_maps_final_v01.m,4bea875d4a3b78026099a1ea519e8afa09dbf2d1857348644dc277216b901e7f,code/09_figures/ExtendedDataFig4_maps_final_v01.m,4bea875d4a3b78026099a1ea519e8afa09dbf2d1857348644dc277216b901e7f,m,Active Extended Data Fig. 4 map renderer,INCLUDED,Copied from the vetted frozen source; filename/category relocation only.
<PROJECT_ROOT>/NEE_SUBMISSION_v15_READY_PACKAGE/05_OPEN_SCIENCE/RELEASE_CODE/code/10_figures_source_data/FINAL_S4_FigS4_groups_final_v01.m,76bcd158dd9ce1edf8ed08496c5f9494854e4f28c53e5bd0d33ade4040413a62,<PROJECT_ROOT>/NEE_SUBMISSION_v15_READY_PACKAGE/05_OPEN_SCIENCE/RELEASE_CODE/code/10_figures_source_data/FINAL_S4_FigS4_groups_final_v01.m,76bcd158dd9ce1edf8ed08496c5f9494854e4f28c53e5bd0d33ade4040413a62,code/09_figures/ExtendedDataFig5_groups_final_v01.m,76bcd158dd9ce1edf8ed08496c5f9494854e4f28c53e5bd0d33ade4040413a62,m,Active Extended Data Fig. 5 group renderer,INCLUDED,Copied from the vetted frozen source; filename/category relocation only.
<PROJECT_ROOT>/NEE_SUBMISSION_v15_READY_PACKAGE/05_OPEN_SCIENCE/RELEASE_CODE/code/10_figures_source_data/FINAL_1_Fig1_Nature_final_v03.m,037525459df2670378b415a7d7cb8cd7947dd32882595f69c85f5613677645dc,<PROJECT_ROOT>/NEE_SUBMISSION_v15_READY_PACKAGE/05_OPEN_SCIENCE/RELEASE_CODE/code/10_figures_source_data/FINAL_1_Fig1_Nature_final_v03.m,037525459df2670378b415a7d7cb8cd7947dd32882595f69c85f5613677645dc,code/09_figures/Fig1_Nature_final_v03.m,037525459df2670378b415a7d7cb8cd7947dd32882595f69c85f5613677645dc,m,Active Fig. 1 MATLAB renderer,INCLUDED,Copied from the vetted frozen source; filename/category relocation only.
<PROJECT_ROOT>/NEE_SUBMISSION_v15_READY_PACKAGE/05_OPEN_SCIENCE/RELEASE_CODE/code/10_figures_source_data/FINAL_2_Fig2_Nature_final_v03.m,7fe21c01b90645cbf9818c7257bf04ba98b9b1dcd10ead18af74f36a5f1a7474,<PROJECT_ROOT>/NEE_SUBMISSION_v15_READY_PACKAGE/05_OPEN_SCIENCE/RELEASE_CODE/code/10_figures_source_data/FINAL_2_Fig2_Nature_final_v03.m,7fe21c01b90645cbf9818c7257bf04ba98b9b1dcd10ead18af74f36a5f1a7474,code/09_figures/Fig2_Nature_final_v03.m,7fe21c01b90645cbf9818c7257bf04ba98b9b1dcd10ead18af74f36a5f1a7474,m,Active Fig. 2 MATLAB renderer,INCLUDED,Copied from the vetted frozen source; filename/category relocation only.
<PROJECT_ROOT>/NEE_SUBMISSION_v15_READY_PACKAGE/05_OPEN_SCIENCE/RELEASE_CODE/code/10_figures_source_data/Fig3_Nature_final_v01.py,c689c84a25014d1246d5ade2e29011a0f5cbce0deaf97f95ff07e93e73d2300b,<PROJECT_ROOT>/NEE_SUBMISSION_v15_READY_PACKAGE/05_OPEN_SCIENCE/RELEASE_CODE/code/10_figures_source_data/Fig3_Nature_final_v01.py,c689c84a25014d1246d5ade2e29011a0f5cbce0deaf97f95ff07e93e73d2300b,code/09_figures/Fig3_Nature_final_v01.py,c689c84a25014d1246d5ade2e29011a0f5cbce0deaf97f95ff07e93e73d2300b,py,Required base helper for the active Fig. 3 renderer,INCLUDED,Copied from the vetted frozen source; filename/category relocation only.
<PROJECT_ROOT>/NEE_SUBMISSION_v15_READY_PACKAGE/05_OPEN_SCIENCE/RELEASE_CODE/code/10_figures_source_data/Fig3_Nature_final_v03.py,a84e4b1195f96e5b07e9421b53d5317de8ce75824823c99a6c0061fe442f20cf,<PROJECT_ROOT>/NEE_SUBMISSION_v15_READY_PACKAGE/05_OPEN_SCIENCE/RELEASE_CODE/code/10_figures_source_data/Fig3_Nature_final_v03.py,a84e4b1195f96e5b07e9421b53d5317de8ce75824823c99a6c0061fe442f20cf,code/09_figures/Fig3_Nature_final_v03.py,a84e4b1195f96e5b07e9421b53d5317de8ce75824823c99a6c0061fe442f20cf,py,Required intermediate helper for the active Fig. 3 renderer,INCLUDED,Copied from the vetted frozen source; filename/category relocation only.
<PROJECT_ROOT>/NEE_SUBMISSION_v15_READY_PACKAGE/05_OPEN_SCIENCE/RELEASE_CODE/code/10_figures_source_data/FINAL_3_Fig3_Nature_final_v04.py,eb21f7a0a94874baaedaf19acb3729cc31afd91883d2f72dba9b15b84ee7fcd9,<PROJECT_ROOT>/NEE_SUBMISSION_v15_READY_PACKAGE/05_OPEN_SCIENCE/RELEASE_CODE/code/10_figures_source_data/FINAL_3_Fig3_Nature_final_v04.py,eb21f7a0a94874baaedaf19acb3729cc31afd91883d2f72dba9b15b84ee7fcd9,code/09_figures/Fig3_Nature_final_v04.py,eb21f7a0a94874baaedaf19acb3729cc31afd91883d2f72dba9b15b84ee7fcd9,py,Active Fig. 3 renderer,INCLUDED,Copied from the vetted frozen source; filename/category relocation only.
<PROJECT_ROOT>/NEE_SUBMISSION_v15_READY_PACKAGE/05_OPEN_SCIENCE/RELEASE_CODE/code/10_figures_source_data/FINAL_4_Fig4_Nature_final_v09e_final.m,f30c73231115243081280db201e538364f72bbe50942294ae176484cbfd25b01,<PROJECT_ROOT>/NEE_SUBMISSION_v15_READY_PACKAGE/05_OPEN_SCIENCE/RELEASE_CODE/code/10_figures_source_data/FINAL_4_Fig4_Nature_final_v09e_final.m,f30c73231115243081280db201e538364f72bbe50942294ae176484cbfd25b01,code/09_figures/Fig4_Nature_final_v09e_final.m,f30c73231115243081280db201e538364f72bbe50942294ae176484cbfd25b01,m,Active Fig. 4 MATLAB renderer,INCLUDED,Copied from the vetted frozen source; filename/category relocation only.
<PROJECT_ROOT>/NEE_SUBMISSION_v15_READY_PACKAGE/05_OPEN_SCIENCE/RELEASE_CODE/code/10_figures_source_data/Fig5_corrected_v09.m,d912ae5f3a13e246c83caab826cccc4e6e44989397cbcb2485446e9a89a13816,<PROJECT_ROOT>/NEE_SUBMISSION_v15_READY_PACKAGE/05_OPEN_SCIENCE/RELEASE_CODE/code/10_figures_source_data/Fig5_corrected_v09.m,d912ae5f3a13e246c83caab826cccc4e6e44989397cbcb2485446e9a89a13816,code/09_figures/Fig5_corrected_v09.m,d912ae5f3a13e246c83caab826cccc4e6e44989397cbcb2485446e9a89a13816,m,Active corrected Fig. 5 MATLAB renderer,INCLUDED,Copied from the vetted frozen source; filename/category relocation only.
<PROJECT_ROOT>/NEE_SUBMISSION_v08_20260819/_work/build_source_workbooks.mjs,1062e682ddd977abeb0c3a7ee86836e4d6237d950b82fb64cf0d52c0566a7fff,<PROJECT_ROOT>/NEE_SUBMISSION_v08_20260819/_work/build_source_workbooks.mjs,1062e682ddd977abeb0c3a7ee86836e4d6237d950b82fb64cf0d52c0566a7fff,code/09_figures/source_data/provenance/build_source_workbooks.mjs,3af64e8bad5a241149913a5ef1967d6bdd7213a749ebbccf4c56bde0bed64fc6,mjs,Source Data workbook-packaging provenance; not a frozen public runtime,INCLUDED,Relocated without content changes to provenance/ because the exact historical @oai/artifact-tool environment was not frozen; no scientific table or estimand changed.
<PROJECT_ROOT>/NEE_SUBMISSION_v08_20260819/_work/prepare_source_data.py,c93e3a8c03b441c8d8d1c726e56193769f49bfce34a88e3c52689cb057aea50d,<PROJECT_ROOT>/NEE_SUBMISSION_v08_20260819/_work/prepare_source_data.py,c93e3a8c03b441c8d8d1c726e56193769f49bfce34a88e3c52689cb057aea50d,code/09_figures/source_data/provenance/prepare_source_data.py,8ad1aee59d4eada25a75997d89c7e217db3237f799c0d6043024a84356c76587,py,Source Data workbook-packaging provenance; not a frozen public runtime,INCLUDED,Relocated without content changes to provenance/ because the exact historical @oai/artifact-tool environment was not frozen; no scientific table or estimand changed.
<INTERNAL_SOURCE>/gpp_main.m,e3f93182589f54fb8f02f4427c10bfc0ab3dd0c59e57bdb278d5057615365933,,,,,MATLAB,External replication,EXCLUDED,Excluded third-party/legacy replication code; not part of the manuscript analysis pipeline.
<INTERNAL_SOURCE>/tp_main.m,89b8263e17257fe7801e0b7a841c6facaf0b089e955b94bee5bfb93e0fa6bf3f,,,,,MATLAB,External replication,EXCLUDED,Excluded third-party/legacy replication code; not part of the manuscript analysis pipeline.
<PROJECT_ROOT>/000 GEE Data/6 MCD64A1火烧扰动 （已下载）/01_years/2001/01_GEE_script/06B_EXPORT_MCD64A1_burned_area_g005_2001_land57_v05.js,b53af9229a1bdea315a818132fb0090565bc5fd3beaef43bb0cb1d66569940fc,,,,,JavaScript,Raw export definition,EXCLUDED,Excluded non-selected duplicate/batch instance; a product-level active or representative definition is included.
<PROJECT_ROOT>/000 GEE Data/7 MOD17A3HGF年度GPP-NPP (已下载)/00_GEE_script/07C_EXPORT_MOD17A3HGF_GPP_NPP_g005_GLOBAL_2001_2024_ALL_YEARS_v04.js,193dd07a6fda4fa032c23c69b141d2dc9fddf69c3aad954931c9fcf14e7a8e7a,,,,,JavaScript,Raw export definition,EXCLUDED,Excluded non-selected duplicate/batch instance; a product-level active or representative definition is included.
<PROJECT_ROOT>/000 GEE Data/9 TNC Global Human Modification (已下载)/00_GEE_script/09B_EXPORT_TNC_HM_v3_g005_2000_2020_land57_v05.js,5d123c48db4bab5bec1528bd6332202e0f457f0dc45deb96e566153461c2249e,,,,,JavaScript,Raw export definition,EXCLUDED,Excluded non-selected duplicate/batch instance; a product-level active or representative definition is included.
<PROJECT_ROOT>/010_Research_Workbench/02_Runs/RUN_0010A_Global_Drought_Recovery_Consensus/snapshot_task0010a_inputs.py,589fd0d8a32d94aa5bb4acb10fd834b9f57a4e45b853843f50e96eac736f95a8,,,,,Python,Input snapshot,EXCLUDED,Excluded internal provenance snapshot utility; release manifests replace it.
<PROJECT_ROOT>/010_Research_Workbench/02_Runs/RUN_0010A_Global_Drought_Recovery_Consensus/task0010a_build_base.py,a3b8ade4c17c7f1ffcd1bd7c968c6c0a710a0654fbfa40b8927a07741350d13d,,,,,Python,Pipeline support,EXCLUDED,Excluded as non-essential historical/support code after comparison with the vetted V15 release path.
<PROJECT_ROOT>/010_Research_Workbench/02_Runs/RUN_0010A_Global_Drought_Recovery_Consensus/task0010a_preflight.py,6cb34b30815dfad32712e8610e71ce23126895ff246c8f983cb5d98c54599dc0,,,,,Python,Pipeline support,EXCLUDED,Excluded as non-essential historical/support code after comparison with the vetted V15 release path.
<PROJECT_ROOT>/010_Research_Workbench/02_Runs/RUN_0010C_Recovery_Logic_and_Application_Fix/snapshot_task0010c_inputs.py,3fa45dc51106f9181d36d202cf7e9ddd166fe97b6d5165709b2735ef25e711a1,,,,,Python,Input snapshot,EXCLUDED,Excluded internal provenance snapshot utility; release manifests replace it.
<PROJECT_ROOT>/010_Research_Workbench/02_Runs/RUN_0010C_Recovery_Logic_and_Application_Fix/validate_csvs_artifact_tool.mjs,bfbe5b173a5901ef4512f1556b6fc925d584645315700df14157e5e024316a26,,,,,JavaScript,Validation/package,EXCLUDED,Excluded historical packaging/validation utility not required by the frozen scientific path.
<PROJECT_ROOT>/010_Research_Workbench/02_Runs/RUN_0010E_Methods_Manuscript_Production/build_task0010e_manuscript.py,cd3b189933b2a87abb02c568b00f3daf5a8d66a22f4ed188e10b5c804676d089,,,,,Python,Manuscript/reference production,EXCLUDED,Excluded manuscript/package builder; not scientific analysis code.
<PROJECT_ROOT>/010_Research_Workbench/02_Runs/RUN_0010E_Methods_Manuscript_Production/plot_task0010e_figures.py,d3acee4fddcb2c329e7e95bd3f76a8fde32e2d7ebfb909d26180b83eca4dd46f,,,,,Python,Initial methods figure sources,EXCLUDED,Excluded as non-essential historical/support code after comparison with the vetted V15 release path.
<PROJECT_ROOT>/010_Research_Workbench/02_Runs/RUN_0010E_Methods_Manuscript_Production/snapshot_task0010e_inputs.py,53ee028e27921f859ca344bb1a4e9b02be90090845e6abe28d7c1b50d2d952a3,,,,,Python,Input snapshot,EXCLUDED,Excluded internal provenance snapshot utility; release manifests replace it.
<PROJECT_ROOT>/010_Research_Workbench/02_Runs/RUN_0010E_Methods_Manuscript_Production/validate_task0010e_csvs.mjs,bd46ef6aa5eb6e0deb3495f8c7c44b61821cbe665a8b3bc435e1163ba8ad3df0,,,,,JavaScript,Validation/package,EXCLUDED,Excluded historical packaging/validation utility not required by the frozen scientific path.
<PROJECT_ROOT>/010_Research_Workbench/02_Runs/RUN_0010H_Manuscript_v02/FIGURE_SCRIPTS_v02/build_figures_v02.py,89ce64943765a096719d86953139506e98837219dca2bf76394b8313414967ea,,,,,Python,Figure renderer,EXCLUDED,Excluded superseded/duplicate renderer; current active renderer is included separately.
<PROJECT_ROOT>/010_Research_Workbench/02_Runs/RUN_0010H_Manuscript_v02/FIGURE_SCRIPTS_v02/build_manuscript_docx_v02.py,092e574a2cf1c66194e86e3aa1a0d6d3de604399d82130638b2244459989ded6,,,,,Python,Manuscript/reference production,EXCLUDED,Excluded manuscript/package builder; not scientific analysis code.
<PROJECT_ROOT>/010_Research_Workbench/02_Runs/RUN_0010H_Manuscript_v02/FIGURE_SCRIPTS_v02/build_manuscript_source_v02.py,6780ccc3fcb1f69f39741003c393a8f5bef902f2c01775ca99e125ecd09fdd09,,,,,Python,Manuscript/reference production,EXCLUDED,Excluded manuscript/package builder; not scientific analysis code.
<PROJECT_ROOT>/010_Research_Workbench/02_Runs/RUN_0010H_Manuscript_v02/FIGURE_SCRIPTS_v02/build_reference_audit_v02.py,a206b3ce78c7325e41992275a033c8e142a2b77fae97dee4dc0e722079c7bbb1,,,,,Python,Manuscript/reference production,EXCLUDED,Excluded manuscript/package builder; not scientific analysis code.
<PROJECT_ROOT>/010_Research_Workbench/02_Runs/RUN_0010H_Manuscript_v02/FIGURE_SCRIPTS_v02/build_supplementary_tables_v02.py,d3dfd81c6caa16c06bf806830d94530810e1547c23a3055c42d08abc0b68ca55,,,,,Python,Supplementary tables,EXCLUDED,Excluded obsolete manuscript-supplement builder; frozen Source Data are released separately.
<PROJECT_ROOT>/010_Research_Workbench/02_Runs/RUN_0010H_Manuscript_v02/FIGURE_SCRIPTS_v02/build_supplementary_xlsx_v02.mjs,79748754deb6a0faa78767a2c834fa6db7b2fe51d2c52c3135ee713b4816d7b9,,,,,JavaScript,Supplementary tables,EXCLUDED,Excluded obsolete manuscript-supplement builder; frozen Source Data are released separately.
<PROJECT_ROOT>/010_Research_Workbench/02_Runs/RUN_0010H_Manuscript_v02/FIGURE_SCRIPTS_v02/fetch_reference_metadata.py,a61b17bdfd51122c6ca1f8c0f51aa88660c1e85d1450ae58cabc430c2f8fb95a,,,,,Python,Manuscript/reference production,EXCLUDED,Excluded manuscript/package builder; not scientific analysis code.
<PROJECT_ROOT>/010_Research_Workbench/02_Runs/RUN_0010H_Manuscript_v02/FIGURE_SCRIPTS_v02/validate_and_package_v02.py,9a3d869c7e2609a707556f7c83f53451a47a75c00a2d8b562452a82cd745b5aa,,,,,Python,Validation/package,EXCLUDED,Excluded historical packaging/validation utility not required by the frozen scientific path.
<PROJECT_ROOT>/010_Research_Workbench/02_Runs/RUN_0010J_Manuscript_v04_Targeted_Fixes/SCRIPTS_v04/build_figures_v04.py,c1c195c15e755af339be22a72ae2d7d889eb347a94034ba596c4952d870437ce,,,,,Python,Figure renderer,EXCLUDED,Excluded superseded/duplicate renderer; current active renderer is included separately.
<PROJECT_ROOT>/010_Research_Workbench/02_Runs/RUN_0010J_Manuscript_v04_Targeted_Fixes/SCRIPTS_v04/build_manuscript_docx_v04.py,797a2d00032752554f08b81a9dc953655a61d136cc77a4792657e0a9dbab84e3,,,,,Python,Manuscript/reference production,EXCLUDED,Excluded manuscript/package builder; not scientific analysis code.
<PROJECT_ROOT>/010_Research_Workbench/02_Runs/RUN_0010J_Manuscript_v04_Targeted_Fixes/SCRIPTS_v04/build_render_contact_sheets_v04.py,11165483f6b4a22fecebfbe82b4eb1ee879e77057307ac7f2cc513e04f04d402,,,,,Python,Pipeline support,EXCLUDED,Excluded as non-essential historical/support code after comparison with the vetted V15 release path.
<PROJECT_ROOT>/010_Research_Workbench/02_Runs/RUN_0010J_Manuscript_v04_Targeted_Fixes/SCRIPTS_v04/build_supplementary_xlsx_v04.mjs,9c9ddc801ad4aa4bbb539c605c989dab98091be7658668e890e53fc3922bcf25,,,,,JavaScript,Supplementary tables,EXCLUDED,Excluded obsolete manuscript-supplement builder; frozen Source Data are released separately.
<PROJECT_ROOT>/010_Research_Workbench/02_Runs/RUN_0010J_Manuscript_v04_Targeted_Fixes/SCRIPTS_v04/prepare_sources_v04.py,cc82d8d585457b23435a1d81e79c60c46c72d796886ef57be024ff2bafdabc6e,,,,,Python,Version carry-forward,EXCLUDED,Excluded as non-essential historical/support code after comparison with the vetted V15 release path.
<PROJECT_ROOT>/010_Research_Workbench/02_Runs/RUN_0010J_Manuscript_v04_Targeted_Fixes/SCRIPTS_v04/snapshot_inputs_v04.py,079910a495d57ae73f2b9ee0592292f1e150634b6a5ffaa37834ebafc7e3fcb0,,,,,Python,Input snapshot,EXCLUDED,Excluded internal provenance snapshot utility; release manifests replace it.
<PROJECT_ROOT>/010_Research_Workbench/02_Runs/RUN_0010J_Manuscript_v04_Targeted_Fixes/SCRIPTS_v04/validate_and_package_v04.py,d57880e41594fb60821c62a1ef793f7dfc68baaabf2b7cc97eba7a8cfbafb6f2,,,,,Python,Validation/package,EXCLUDED,Excluded historical packaging/validation utility not required by the frozen scientific path.
<PROJECT_ROOT>/010_Research_Workbench/02_Runs/RUN_0010L_Manuscript_v06_Narrative_and_Figure_Redesign/SCRIPTS_v06/build_audit_tables_v06.mjs,3d6d43436b9b1f70c7dd7d3165fde0df616e02bdc644cc1ffc43ab2e513d3bb9,,,,,JavaScript,Validation/package,EXCLUDED,Excluded historical packaging/validation utility not required by the frozen scientific path.
<PROJECT_ROOT>/010_Research_Workbench/02_Runs/RUN_0010L_Manuscript_v06_Narrative_and_Figure_Redesign/SCRIPTS_v06/build_figures_v06.py,82a1f845b7a8690085400ce440e09bff741cbb554210d3c9e0b8565ea042f094,,,,,Python,Figure renderer,EXCLUDED,Excluded superseded/duplicate renderer; current active renderer is included separately.
<PROJECT_ROOT>/010_Research_Workbench/02_Runs/RUN_0010L_Manuscript_v06_Narrative_and_Figure_Redesign/SCRIPTS_v06/build_manuscript_docx_v06.py,6c4a34b8faeed808e3ac7263b5b045ccf44e8539a6550eec902a6df034b2a50d,,,,,Python,Manuscript/reference production,EXCLUDED,Excluded manuscript/package builder; not scientific analysis code.
<PROJECT_ROOT>/010_Research_Workbench/02_Runs/RUN_0010L_Manuscript_v06_Narrative_and_Figure_Redesign/SCRIPTS_v06/build_word_contact_sheets_v06.py,d91217d1113146f614970c33a6ded85542c816d5a16a6270f05b78bad1ed2d7d,,,,,Python,Pipeline support,EXCLUDED,Excluded as non-essential historical/support code after comparison with the vetted V15 release path.
<PROJECT_ROOT>/010_Research_Workbench/02_Runs/RUN_0010L_Manuscript_v06_Narrative_and_Figure_Redesign/SCRIPTS_v06/finalize_and_validate_v06.py,e0610f5c871fa682c4955d533e34ecd154f2c9681b6f45d81b5b09d90b2f421f,,,,,Python,Validation/package,EXCLUDED,Excluded historical packaging/validation utility not required by the frozen scientific path.
<PROJECT_ROOT>/010_Research_Workbench/02_Runs/RUN_0010L_Manuscript_v06_Narrative_and_Figure_Redesign/SCRIPTS_v06/package_v06.py,a9be41c55c9840e1c7d4df0933439adc6b0ac181060c8018b619ce0fad4841f5,,,,,Python,Validation/package,EXCLUDED,Excluded historical packaging/validation utility not required by the frozen scientific path.
<PROJECT_ROOT>/010_Research_Workbench/02_Runs/RUN_0010L_Manuscript_v06_Narrative_and_Figure_Redesign/SCRIPTS_v06/prepare_manuscript_v06.py,f58ddea594da5c1d78b644e2b8877300b35d70dd14ff423ec7f2f55c43243321,,,,,Python,Manuscript/reference production,EXCLUDED,Excluded manuscript/package builder; not scientific analysis code.
<PROJECT_ROOT>/010_Research_Workbench/02_Runs/RUN_0010L_Manuscript_v06_Narrative_and_Figure_Redesign/SCRIPTS_v06/snapshot_inputs_v06.py,bac11a50c8c0639f1457669de1129ba2f90a3aacda21be67519a9a0419f80860,,,,,Python,Input snapshot,EXCLUDED,Excluded internal provenance snapshot utility; release manifests replace it.
<PROJECT_ROOT>/010_Research_Workbench/02_Runs/RUN_0010M_v07_FINAL_VISUAL_FIXES/SCRIPTS_v07/build_figures_v07.py,c7053348862b2f16798f5a481efb0d028324accd4ed8b7c0f642238d7d50861f,,,,,Python,Figure renderer,EXCLUDED,Excluded superseded/duplicate renderer; current active renderer is included separately.
<PROJECT_ROOT>/010_Research_Workbench/02_Runs/RUN_0010M_v07_FINAL_VISUAL_FIXES/SCRIPTS_v07/build_manuscript_docx_v07.py,e120606a0da206e2b02cff920cd65e4342f3234bceb2f3af7788edad691bba13,,,,,Python,Manuscript/reference production,EXCLUDED,Excluded manuscript/package builder; not scientific analysis code.
<PROJECT_ROOT>/010_Research_Workbench/02_Runs/RUN_0010M_v07_FINAL_VISUAL_FIXES/SCRIPTS_v07/build_numeric_audit_v07.mjs,a510019cfc9377ea7a4eebef84dcb3bd4c2ef46c5e06095a04c617952f53f866,,,,,JavaScript,Validation/package,EXCLUDED,Excluded historical packaging/validation utility not required by the frozen scientific path.
<PROJECT_ROOT>/010_Research_Workbench/02_Runs/RUN_0010M_v07_FINAL_VISUAL_FIXES/SCRIPTS_v07/build_numeric_audit_v07.py,79b13ad48b504268614df3bdf098c3bcde37263c3e628e1c7034e341aac6684b,,,,,Python,Validation/package,EXCLUDED,Excluded historical packaging/validation utility not required by the frozen scientific path.
<PROJECT_ROOT>/010_Research_Workbench/02_Runs/RUN_0010M_v07_FINAL_VISUAL_FIXES/SCRIPTS_v07/make_manuscript_contact_sheet.py,2c29d63b1c1e2b0f5e6b0cf93a58a3656ffab4e2ce86289545aa6d18d51ecc66,,,,,Python,Manuscript/reference production,EXCLUDED,Excluded manuscript/package builder; not scientific analysis code.
<PROJECT_ROOT>/010_Research_Workbench/02_Runs/RUN_0010M_v07_FINAL_VISUAL_FIXES/SCRIPTS_v07/validate_v07.py,82e9fe9e42ed2b36e29d7cfeae52edd98cecce570253a9ff112698a62a75e252,,,,,Python,Validation/package,EXCLUDED,Excluded historical packaging/validation utility not required by the frozen scientific path.
<PROJECT_ROOT>/定稿图片/1/Fig1_Nature_final_v03.m,483adb22d32fab0e87d4af43a13438f5e18d86cca767e487ab874273c5658bdd,,,,,MATLAB,Finalized figure renderer,EXCLUDED,Excluded superseded/duplicate renderer; current active renderer is included separately.
<PROJECT_ROOT>/定稿图片/2/Fig2_Nature_final_v03.m,98063133e60e8d0751aa6670ba84176f6ee9f4becff0c8c43cd9ab6d89fc6715,,,,,MATLAB,Finalized figure renderer,EXCLUDED,Excluded superseded/duplicate renderer; current active renderer is included separately.
<PROJECT_ROOT>/定稿图片/3/Fig3_Nature_final_v04.py,def70f67227441bf9915ed686dda2cf3db2f69caa018e2cc89ebc259a9a2970c,,,,,Python,Finalized figure renderer,EXCLUDED,Excluded superseded/duplicate renderer; current active renderer is included separately.
<PROJECT_ROOT>/定稿图片/4/Fig4_Nature_final_v09e_final.m,10cbc3f4fedf96f3d441561a597457a2ff545df3bd69cf350b16980cc010a1e3,,,,,MATLAB,Finalized figure renderer,EXCLUDED,Excluded superseded/duplicate renderer; current active renderer is included separately.
<PROJECT_ROOT>/定稿图片/5/Fig5_Merged_Nature_final_v08b.m,33a52cff49edba2891b60893b29ed4465bd78426708b3d766fbf51d350a4e71d,,,,,MATLAB,Finalized figure renderer,EXCLUDED,Excluded superseded/duplicate renderer; current active renderer is included separately.
<PROJECT_ROOT>/定稿图片/S1/FigS1_Nature_final_v03.m,70cfe748bb6da5ab093f9e3cb89f3eb5fd4a0ee74464c7ce3ea66bb710ed73ee,,,,,MATLAB,Finalized figure renderer,EXCLUDED,Excluded superseded/duplicate renderer; current active renderer is included separately.
<PROJECT_ROOT>/定稿图片/S1/Open_S1_FIG_Editable.m,927783291b521106c77049c4f9812e7e62996445d63e0d4b236a9a71d1234f7b,,,,,MATLAB,Finalized figure renderer,EXCLUDED,Excluded superseded/duplicate renderer; current active renderer is included separately.
<PROJECT_ROOT>/定稿图片/S2/FigS2_Nature_final_v03_editable.m,a7390783600d3a3929f1e4a49c53816c2447f3ba52458862e7772d065cd0fdc4,,,,,MATLAB,Finalized figure renderer,EXCLUDED,Excluded superseded/duplicate renderer; current active renderer is included separately.
<PROJECT_ROOT>/定稿图片/S4/FigS4_groups_final_v01.m,cffb71a464d25ea7e98238366e3478d8aeceef60c67e583f5e0cf5474de144ab,,,,,MATLAB,Finalized figure renderer,EXCLUDED,Excluded superseded/duplicate renderer; current active renderer is included separately.
<PROJECT_ROOT>/定稿图片/S4/FigS4_maps_final_v01.m,9f54416609e0361f9795107299cfd0931afe6fddf4c10a82469d381c7301aa93,,,,,MATLAB,Finalized figure renderer,EXCLUDED,Excluded superseded/duplicate renderer; current active renderer is included separately.
